id;nom;prenom;adresse;salaire
1;Producer Arkansas;SMTP;customer loyalty;60830
2;Belgium override;calculate integrated;exploit Solutions Home Loan Account;6913
3;withdrawal Unions;networks Monitored;Iraqi Dinar Home Loan Account bypass;67028
4;withdrawal;Arkansas Investment Account indexing;connect;82624
5;Car Public-key;Fantastic Concrete Car Place;Clothing Texas Cambridgeshire;59066
6;Berkshire Grocery Tasty;Borders quantify Wooden;digital;16312
7;Pennsylvania Realigned copy;azure circuit Mission;Ergonomic Steel Bacon transmitting quantifying;70748
8;Corporate;Personal Loan Account;bus engage national;56690
9;program Savings Account ADP;SCSI;Persevering Associate customer loyalty;10144
10;Awesome Fresh Hat seamless;Swiss Franc Parks;Usability Alabama;56887
